name_metric,paragraph_metric,language_metric,synonym_metric,author_metric
0.8222222222222223,0.1961255967617035,,,0.6386724386724386
0.7777777777777777,0.4289901852607727,,,0.5691269841269841
0.7962962962962963,0.3425475060939789,,,0.5729824561403509
0.7777777777777777,0.22714495658874512,,,0.5979788838612369
0.7777777777777777,0.2807950973510742,,,0.5756776556776556
0.8222222222222223,0.20179498195648193,,,0.49222222222222217
