name_metric,paragraph_metric,language_metric,synonym_metric,author_metric
0.9249999999999999,0.050239384174346924,,0.7630557172501147,0.57646627881922
0.9333333333333333,0.09547269344329834,,0.8217149622056243,0.5724427702115329
0.9333333333333333,0.19870929419994354,,0.8027628058290197,0.62167083049436
0.9166666666666666,-0.02277371659874916,,0.7928894575838549,0.577207498383969
0.8833333333333334,0.07151941955089569,,0.7925006136101211,0.4947245564892624
