name_metric,paragraph_metric,language_metric,synonym_metric,author_metric
0.0,0.41810518503189087,,0.39999999999999997,0.5466666666666667
0.32469135802469135,0.3949032425880432,,0.4469135802469135,0.5466666666666667
0.9666666666666667,0.5444647073745728,,0.9333333333333333,0.3422222222222222
0.837037037037037,0.4752652049064636,,0.8444444444444446,0.5977777777777779
1.0,0.6620863676071167,,0.9111111111111111,0.5144444444444445
1.0,0.534880518913269,,0.9111111111111111,0.5144444444444445
0.7833333333333333,0.10897848010063171,,0.6944444444444443,0.5601461988304094
0.0,0.6433528661727905,,0.4333333333333333,0.5466666666666667
