name_metric,paragraph_metric,language_metric,synonym_metric,author_metric
0.9333333333333333,0.1411600112915039,,0.8217149622056245,0.5283925999778442
0.9166666666666666,-0.0639718770980835,,0.7928894575838548,0.5542604664638563
0.9249999999999999,0.02333568036556244,,0.7630557172501147,0.5440822830653339
0.8833333333333334,0.08465422689914703,,0.7925006136101213,0.4928581776039403
0.9333333333333333,0.17579294741153717,,0.8027628058290197,0.5721535094416451
1.0,0.39158326387405396,,0.8662134575479227,0.518499203244966
